keyword,notes
adultery,blocked
adultery+anyword,blocked
adultporn,blocked
adultporn+anyword,blocked
akhond,blocked
akhoond,blocked
amateur,blocked
amatuer,blocked
anal,blocked
analsex,blocked
anilingus,blocked
anilingus+anyword,blocked
assfuck,blocked
assfuck+anyword,blocked
asshole,blocked
asshole+anyword,blocked
banged,blocked
bareback,blocked
bdsm,blocked
bestiality,blocked
bikini,blocked
bisexual,blocked
bisexual+anyword,blocked
bitch,blocked
blond,blocked
blonde,blocked
blowjob,blocked
b00bs,blocked
bondage,blocked
boob,blocked
boobies,blocked
boobs,blocked
boyfriend,blocked
brassiere,blocked
brassiere+anyword,blocked
brazzer,blocked
brazzers,blocked
brunet,blocked
brunette,blocked
busty,blocked
bukake,blocked
buttock,blocked
callgirl,blocked
cheerleader,blocked
chubby,blocked
cock,blocked
cowgirl,blocked
creampie,blocked
creampie+anyword,blocked
cumshot,blocked
cunnilingus,blocked
cunt,blocked
deepthroat,blocked
deepthroat+anyword,blocked
dick,blocked
dickgirl,blocked
dickgirl+anyword,blocked
dildo,blocked
doggystyle,blocked
doublepenetration,blocked
ebony,blocked
ejaculation,blocked
erect,blocked
erected,blocked
erectile,blocked
erectile+dys+anything,blocked
erection,blocked
erotic,blocked
erotica,blocked
escort,blocked
Exhibitionism,blocked
Exhibitionism+anyword,blocked
facesitting,blocked
felch,blocked
felching,blocked
fellatio,blocked
femdom,blocked
fetish,blocked
filtershekan,blocked
filtershekan+anyword ,blocked by some ISPs
foreplay,blocked
footjob,blocked
footjob+anyword,blocked
freegate,blocked
freegate+anyword,blocked
fuck,blocked
fuckass,blocked
fuckass+anyword,blocked
fuckedup,blocked by some ISPs
fuckedup+anyword,blocked by some ISPs
fucker,blocked
fucker+anyword,blocked
fucking,blocked
fucking+anyword,blocked
fuckyou,blocked
fuckyou+anyword,blocked
gangbang,blocked
gay,blocked
gayporn,blocked
gayporn+anyword,blocked
genitalia,blocked
genitals,blocked
girlfriend,blocked
girlfriend+anyword,blocked
gstring,blocked
handjob,blocked
hardcore,blocked
hardfuck,blocked
hentai,blocked
hentai+anyword,blocked
horny,blocked
hotspotshield,blocked
hotspotshield+anyword,blocked
incest,blocked
interracial,blocked
interracial+anyword,blocked
intersexual,blocked
intersexual+anyword,blocked
jackoff,blocked
jende,blocked
jende+anyword,blocked
jerk,blocked
jizz,blocked
jondo,blocked
kinky,blocked
koon,blocked
koondeh,blocked
kooni,blocked
labia,blocked
lapdance,blocked
lapdance+anyword ,blocked by some ISPs
lesbian,blocked
lesbians,blocked
lesbian+anyword,blocked
lesbo,blocked
lesbos,blocked
lezbian,blocked
lezbians,blocked
lezbo,blocked
lingerie,blocked
luscious,blocked
manototv,blocked
manototv+anyword,blocked
masturbate,blocked
masturbate+anyword,blocked
masturbation,blocked
masturbation+anyword,blocked
motherfucker,blocked
motherfucker+anyword,blocked
naughty,blocked
naughty+anyword,blocked
nude,blocked
nudeman,blocked
nudeman+anyword,blocked
nudewoman,blocked
nudewoman+anyword,blocked
nudism,blocked
nudism+anyword,blocked
nudist,blocked
nudist+anyword,blocked
nudity,blocked
nudity+anyword,blocked
porn,blocked
porn+hand+anyword,blocked
pornhandjob,blocked
pornhandjob+anyword,blocked
pornlezbian,blocked
pornlezbian+anyword,blocked
porno,blocked
porno+anyword,blocked
pornographer,blocked
pornographic,blocked
pornographic+anyword,blocked
pornography,blocked
psiphon,blocked
puffin,blocked
puffin+anyword,blocked
pussy,blocked
rape,blocked
redtube,blocked
shemale,blocked
shemale+anyword,blocked
sexi,blocked
sexy,blocked
tinymoviez,blocked by some ISPs
tinymoviez+anyword,blocked by some ISPs
ultrasurf,blocked
ultrasurf+anyword,blocked
xxx,blocked
youporn,blocked
youporn+anyword,blocked
yourporn,blocked
آبکس,blocked
آبکیر,blocked
بکنبکن,blocked
بلوجاب,blocked
بیکینی,blocked
پتیاره,blocked
پستون,blocked
پورن,blocked
پورنو,blocked
جاکش,blocked
جنده,blocked
چوچول,blocked
چوچوله,blocked
حشری,blocked
خایه,blocked
خایهمال,blocked
دختربازی,blocked
دودول,blocked
دوستدختر,blocked
ساکزن,blocked
ساکزدن,blocked
سکس,blocked
سکسی,blocked
سوتین,blocked
سوراخکون,blocked
شهوانی,blocked
شهوتسرا,blocked
عرقسگی,blocked
فاحشه,blocked
فیلمسوپر,blocked
فتیش,blocked
قمبل,blocked
کسایرانی,blocked
کسخل,blocked
کسش,blocked
کسشر,blocked
کسکش,blocked
کسکشی,blocked
کسخیس,blocked
کسلیس,blocked
کسلیسی,blocked
کسمشنگ,blocked
کسننه,blocked
کلیپسکسی,blocked
کیر,blocked
کیرتوکوس,blocked
کيرخور,blocked
کیرش,blocked
کیرشق,blocked
کیرکلفت,blocked
کیرگنده,blocked
کیری,blocked
کونده,blocked
کونگشاد,blocked
کونی,blocked
گایید,blocked
گاییدن,blocked
گائیدن,blocked
گاییده,blocked
گائیده,blocked
گوزو,blocked
لاپا,blocked
لاپایی,blocked
لاسیدن,blocked
لاشی,blocked
لزبین,blocked
مادرجنده,blocked
مشروب,blocked
همجنسباز,blocked
همجنسبازی,blocked
